File1,File2
5i1v_A,5i1v_B
2i00_A,2i00_B
3m9l_A,3m9l_B
2c0n_A,2c0n_B
5znm_A,5znm_B
2own_A,2own_B
1mml_A,1mml_B
4l69_A,4l69_B
6gx2_A,6gx2_B
1ss4_A,1ss4_B
2dvk_A,2dvk_B
3qoo_A,3qoo_B
2q0y_A,2q0y_B
2f1l_A,2f1l_B
2c7g_A,2c7g_B
1r29_A,1r29_B
4zm8_A,4zm8_B
4q52_A,4q52_B
2g6t_A,2g6t_B
1e6u_A,1e6u_B
3t2l_A,3t2l_B
2zy9_A,2zy9_B
3ccy_A,3ccy_B
5jnq_A,5jnq_B
5v0r_A,5v0r_B
5vlg_A,5vlg_B
5yti_A,5yti_B
2ch5_A,2ch5_B
1uty_A,1uty_B
5ufh_A,5ufh_B
2oqo_A,2oqo_B
4l8j_A,4l8j_B
3if4_A,3if4_B
1d7m_A,1d7m_B
1o4w_A,1o4w_B
4s12_A,4s12_B
5bp3_A,5bp3_B
1jke_A,1jke_B
4v0h_A,4v0h_B
5mlt_A,5mlt_B
3iib_A,3iib_B
5lus_A,5lus_B
1vch_A,1vch_B
2eh3_A,2eh3_B
1lxe_A,1lxe_B
5is2_A,5is2_B
4nes_A,4nes_B
2i71_A,2i71_B
6cfy_A,6cfy_B
4ml1_A,4ml1_B
4bt2_A,4bt2_B
4euu_A,4euu_B
1qc9_A,1qc9_B
5xii_A,5xii_B
3wx4_A,3wx4_B
3s6f_A,3s6f_B
6j52_A,6j52_B
3d40_A,3d40_B
2zgy_A,2zgy_B
1uuj_A,1uuj_B
2paq_A,2paq_B
4boq_A,4boq_B
1iq6_A,1iq6_B
5kc8_A,5kc8_B
5by7_A,5by7_B
5vug_A,5vug_B
3c4b_A,3c4b_B
2re7_A,2re7_B
1dz3_A,1dz3_B
1x8z_A,1x8z_B
4i0k_A,4i0k_B
4zos_A,4zos_B
1t6s_A,1t6s_B
6drr_A,6drr_B
6if6_A,6if6_B
2i2l_A,2i2l_B
5tpi_A,5tpi_B
6i6s_A,6i6s_B
4rxj_A,4rxj_B
3cng_A,3cng_B
3o1l_A,3o1l_B
1v2x_A,1v2x_B
4bes_A,4bes_B
1tlk_A,1tlk_B
4u83_A,4u83_B
1z05_A,1z05_B
2of7_A,2of7_B
2yor_A,2yor_B
2i9i_A,2i9i_B
4wpy_A,4wpy_B
4pkm_A,4pkm_B
3soo_A,3soo_B
2hxv_A,2hxv_B
3qao_A,3qao_B
2a4x_A,2a4x_B
2wag_A,2wag_B
5x7f_A,5x7f_B
4mcj_A,4mcj_B
3pf6_A,3pf6_B
1k4z_A,1k4z_B
2gv8_A,2gv8_B
3gk7_A,3gk7_B
5t3u_A,5t3u_B
3byw_A,3byw_B
3qph_A,3qph_B
3lvy_A,3lvy_B
6u11_A,6u11_B
2r0x_A,2r0x_B
4pn0_A,4pn0_B
2isk_A,2isk_B
2eq5_A,2eq5_B
2ozh_A,2ozh_B
4rk4_A,4rk4_B
4o5a_A,4o5a_B
4fei_A,4fei_B
3gzi_A,3gzi_B
4qyt_A,4qyt_B
2jh3_A,2jh3_B
6gxs_A,6gxs_B
4doy_A,4doy_B
3of4_A,3of4_B
4dyl_A,4dyl_B
3fjs_A,3fjs_B
3ado_A,3ado_B
5t5s_A,5t5s_B
2gz4_A,2gz4_B
1h6o_A,1h6o_B
2b0a_A,2b0a_B
3ks7_A,3ks7_B
